age,workclass,education,marital_status,occupation,race,gender,hours_per_week,query_id
55.0,Private,Prof-school,Widowed,Other/Unknown,White,Male,32.0,91064456-c6d5-497c-ad5f-c8a390af2119
28.0,Self-Employed,Bachelors,Single,Sales,Other,Male,42.0,91064456-c6d5-497c-ad5f-c8a390af2119
33.0,Private,Assoc,Married,Sales,Other,Male,32.0,91064456-c6d5-497c-ad5f-c8a390af2119
37.0,Private,Bachelors,Single,Professional,White,Female,49.0,91064456-c6d5-497c-ad5f-c8a390af2119
31.0,Private,Bachelors,Separated,Professional,White,Male,60.0,91064456-c6d5-497c-ad5f-c8a390af2119
52.0,Private,Prof-school,Widowed,Other/Unknown,White,Male,32.0,91064456-c6d5-497c-ad5f-c8a390af2119
27.0,Self-Employed,Bachelors,Single,Sales,Other,Male,47.0,91064456-c6d5-497c-ad5f-c8a390af2119
30.0,Private,Assoc,Separated,Sales,Other,Male,37.0,91064456-c6d5-497c-ad5f-c8a390af2119
42.0,Private,Bachelors,Single,Professional,Other,Female,37.0,91064456-c6d5-497c-ad5f-c8a390af2119
31.0,Private,Bachelors,Separated,Professional,White,Male,61.0,91064456-c6d5-497c-ad5f-c8a390af2119
73.0,Private,Bachelors,Widowed,Blue-Collar,White,Male,47.0,91064456-c6d5-497c-ad5f-c8a390af2119
47.0,Private,Bachelors,Single,Professional,Other,Male,41.0,91064456-c6d5-497c-ad5f-c8a390af2119
41.0,Private,Assoc,Single,Other/Unknown,White,Female,39.0,91064456-c6d5-497c-ad5f-c8a390af2119
32.0,Private,Bachelors,Single,Sales,White,Male,56.0,91064456-c6d5-497c-ad5f-c8a390af2119
44.0,Self-Employed,Bachelors,Separated,Professional,Other,Male,73.0,91064456-c6d5-497c-ad5f-c8a390af2119
83.0,Private,Some-college,Single,Sales,Other,Male,35.0,e917dbd5-a7a9-4dc9-b300-1b393c3e53ef
34.0,Other/Unknown,Some-college,Widowed,Blue-Collar,White,Male,34.0,e917dbd5-a7a9-4dc9-b300-1b393c3e53ef
25.0,Private,Bachelors,Divorced,Other/Unknown,Other,Male,40.0,e917dbd5-a7a9-4dc9-b300-1b393c3e53ef
44.0,Private,Bachelors,Single,Other/Unknown,White,Male,32.0,e917dbd5-a7a9-4dc9-b300-1b393c3e53ef
35.0,Other/Unknown,Some-college,Single,Other/Unknown,Other,Female,54.0,e917dbd5-a7a9-4dc9-b300-1b393c3e53ef
86.0,Private,Some-college,Single,Sales,Other,Male,39.0,e917dbd5-a7a9-4dc9-b300-1b393c3e53ef
39.0,Other/Unknown,Some-college,Widowed,Other/Unknown,White,Female,38.0,e917dbd5-a7a9-4dc9-b300-1b393c3e53ef
22.0,Private,Bachelors,Divorced,Other/Unknown,Other,Male,39.0,e917dbd5-a7a9-4dc9-b300-1b393c3e53ef
32.0,Private,Bachelors,Single,Other/Unknown,White,Male,45.0,e917dbd5-a7a9-4dc9-b300-1b393c3e53ef
40.0,Other/Unknown,Some-college,Single,Other/Unknown,Other,Female,67.0,e917dbd5-a7a9-4dc9-b300-1b393c3e53ef
75.0,Private,Some-college,Single,Sales,Other,Male,43.0,e917dbd5-a7a9-4dc9-b300-1b393c3e53ef
41.0,Other/Unknown,Some-college,Widowed,Other/Unknown,White,Female,40.0,e917dbd5-a7a9-4dc9-b300-1b393c3e53ef
21.0,Private,Bachelors,Divorced,Other/Unknown,Other,Male,40.0,e917dbd5-a7a9-4dc9-b300-1b393c3e53ef
35.0,Private,Bachelors,Single,Other/Unknown,White,Male,48.0,e917dbd5-a7a9-4dc9-b300-1b393c3e53ef
30.0,Other/Unknown,Some-college,Single,Other/Unknown,Other,Female,64.0,e917dbd5-a7a9-4dc9-b300-1b393c3e53ef
38.0,Self-Employed,Bachelors,Married,White-Collar,Other,Male,45.0,49561751-025f-4801-b8cc-1d3d933fd564
90.0,Private,Bachelors,Widowed,Blue-Collar,White,Male,41.0,49561751-025f-4801-b8cc-1d3d933fd564
83.0,Other/Unknown,Bachelors,Married,Sales,Other,Female,42.0,49561751-025f-4801-b8cc-1d3d933fd564
73.0,Private,Bachelors,Married,White-Collar,White,Male,58.0,49561751-025f-4801-b8cc-1d3d933fd564
79.0,Self-Employed,Bachelors,Married,White-Collar,Other,Male,80.0,49561751-025f-4801-b8cc-1d3d933fd564
80.0,Private,School,Widowed,Other/Unknown,Other,Male,45.0,49561751-025f-4801-b8cc-1d3d933fd564
87.0,Private,Bachelors,Separated,Sales,White,Female,48.0,49561751-025f-4801-b8cc-1d3d933fd564
53.0,Private,Assoc,Married,White-Collar,Other,Female,43.0,49561751-025f-4801-b8cc-1d3d933fd564
80.0,Private,Bachelors,Married,White-Collar,White,Male,54.0,49561751-025f-4801-b8cc-1d3d933fd564
80.0,Private,Bachelors,Married,White-Collar,Other,Male,77.0,49561751-025f-4801-b8cc-1d3d933fd564
34.0,Private,Bachelors,Married,Sales,White,Male,53.0,49561751-025f-4801-b8cc-1d3d933fd564
90.0,Private,Bachelors,Married,White-Collar,Other,Male,34.0,49561751-025f-4801-b8cc-1d3d933fd564
73.0,Other/Unknown,Bachelors,Widowed,White-Collar,Other,Female,48.0,49561751-025f-4801-b8cc-1d3d933fd564
72.0,Private,Bachelors,Married,White-Collar,White,Male,54.0,49561751-025f-4801-b8cc-1d3d933fd564
73.0,Self-Employed,Bachelors,Married,White-Collar,Other,Male,75.0,49561751-025f-4801-b8cc-1d3d933fd564
33.0,Self-Employed,Bachelors,Married,Blue-Collar,White,Male,25.0,0763a1d0-c522-49cc-b43e-ea4ebdb215d0
34.0,Private,Doctorate,Married,Blue-Collar,White,Female,54.0,0763a1d0-c522-49cc-b43e-ea4ebdb215d0
19.0,Self-Employed,Bachelors,Separated,Blue-Collar,White,Male,42.0,0763a1d0-c522-49cc-b43e-ea4ebdb215d0
37.0,Government,HS-grad,Married,Professional,White,Male,43.0,0763a1d0-c522-49cc-b43e-ea4ebdb215d0
90.0,Private,Masters,Married,Blue-Collar,White,Male,42.0,0763a1d0-c522-49cc-b43e-ea4ebdb215d0
20.0,Self-Employed,Bachelors,Separated,Blue-Collar,White,Male,23.0,0763a1d0-c522-49cc-b43e-ea4ebdb215d0
17.0,Private,Doctorate,Married,Blue-Collar,Other,Male,46.0,0763a1d0-c522-49cc-b43e-ea4ebdb215d0
33.0,Government,Bachelors,Married,Service,White,Female,48.0,0763a1d0-c522-49cc-b43e-ea4ebdb215d0
90.0,Private,School,Married,Blue-Collar,White,Male,50.0,0763a1d0-c522-49cc-b43e-ea4ebdb215d0
29.0,Self-Employed,Masters,Married,Blue-Collar,White,Male,62.0,0763a1d0-c522-49cc-b43e-ea4ebdb215d0
28.0,Self-Employed,Assoc,Married,Service,White,Male,15.0,0763a1d0-c522-49cc-b43e-ea4ebdb215d0
17.0,Private,Assoc,Married,Other/Unknown,White,Male,39.0,0763a1d0-c522-49cc-b43e-ea4ebdb215d0
27.0,Private,Prof-school,Married,White-Collar,White,Female,30.0,0763a1d0-c522-49cc-b43e-ea4ebdb215d0
90.0,Private,Doctorate,Married,Other/Unknown,White,Male,41.0,0763a1d0-c522-49cc-b43e-ea4ebdb215d0
33.0,Self-Employed,Assoc,Married,Other/Unknown,White,Male,59.0,0763a1d0-c522-49cc-b43e-ea4ebdb215d0
60.0,Private,Bachelors,Married,Blue-Collar,Other,Male,2.0,2ed89d77-16a8-4af4-babb-d69754bec2b2
80.0,Private,Bachelors,Single,White-Collar,Other,Female,5.0,2ed89d77-16a8-4af4-babb-d69754bec2b2
52.0,Private,Bachelors,Married,Sales,White,Male,13.0,2ed89d77-16a8-4af4-babb-d69754bec2b2
63.0,Private,Bachelors,Married,White-Collar,Other,Male,23.0,2ed89d77-16a8-4af4-babb-d69754bec2b2
65.0,Private,Bachelors,Widowed,White-Collar,White,Male,50.0,2ed89d77-16a8-4af4-babb-d69754bec2b2
60.0,Private,Some-college,Widowed,Blue-Collar,Other,Male,7.0,2ed89d77-16a8-4af4-babb-d69754bec2b2
84.0,Private,Bachelors,Married,White-Collar,Other,Male,6.0,2ed89d77-16a8-4af4-babb-d69754bec2b2
31.0,Private,Some-college,Married,Sales,Other,Male,2.0,2ed89d77-16a8-4af4-babb-d69754bec2b2
45.0,Private,Bachelors,Married,White-Collar,White,Male,18.0,2ed89d77-16a8-4af4-babb-d69754bec2b2
60.0,Private,Some-college,Married,White-Collar,Other,Female,32.0,2ed89d77-16a8-4af4-babb-d69754bec2b2
56.0,Private,Bachelors,Married,Blue-Collar,Other,Male,2.0,2ed89d77-16a8-4af4-babb-d69754bec2b2
77.0,Private,Assoc,Separated,White-Collar,Other,Female,4.0,2ed89d77-16a8-4af4-babb-d69754bec2b2
54.0,Private,Bachelors,Married,Sales,White,Male,12.0,2ed89d77-16a8-4af4-babb-d69754bec2b2
65.0,Private,Bachelors,Married,White-Collar,Other,Male,25.0,2ed89d77-16a8-4af4-babb-d69754bec2b2
54.0,Private,Bachelors,Married,White-Collar,White,Male,45.0,2ed89d77-16a8-4af4-babb-d69754bec2b2
90.0,Private,Bachelors,Married,Service,Other,Male,36.0,b60bb785-8d8b-4ebd-b4e9-cfc12aaf2042
32.0,Private,School,Married,Other/Unknown,Other,Male,36.0,b60bb785-8d8b-4ebd-b4e9-cfc12aaf2042
40.0,Private,Assoc,Widowed,Sales,White,Male,35.0,b60bb785-8d8b-4ebd-b4e9-cfc12aaf2042
37.0,Private,Bachelors,Married,Service,White,Male,51.0,b60bb785-8d8b-4ebd-b4e9-cfc12aaf2042
50.0,Private,School,Married,Sales,White,Male,73.0,b60bb785-8d8b-4ebd-b4e9-cfc12aaf2042
90.0,Private,Bachelors,Married,Service,Other,Female,40.0,b60bb785-8d8b-4ebd-b4e9-cfc12aaf2042
37.0,Private,School,Widowed,Other/Unknown,Other,Female,42.0,b60bb785-8d8b-4ebd-b4e9-cfc12aaf2042
48.0,Private,Assoc,Married,Sales,White,Female,45.0,b60bb785-8d8b-4ebd-b4e9-cfc12aaf2042
31.0,Private,Bachelors,Married,Service,White,Male,42.0,b60bb785-8d8b-4ebd-b4e9-cfc12aaf2042
45.0,Private,School,Married,Service,White,Female,75.0,b60bb785-8d8b-4ebd-b4e9-cfc12aaf2042
80.0,Private,Bachelors,Married,Service,Other,Female,38.0,b60bb785-8d8b-4ebd-b4e9-cfc12aaf2042
29.0,Private,School,Married,Other/Unknown,Other,Male,33.0,b60bb785-8d8b-4ebd-b4e9-cfc12aaf2042
39.0,Private,School,Widowed,Sales,White,Male,40.0,b60bb785-8d8b-4ebd-b4e9-cfc12aaf2042
32.0,Private,Bachelors,Married,Service,White,Male,49.0,b60bb785-8d8b-4ebd-b4e9-cfc12aaf2042
42.0,Private,Bachelors,Married,Service,White,Male,70.0,b60bb785-8d8b-4ebd-b4e9-cfc12aaf2042
23.0,Private,Bachelors,Divorced,Blue-Collar,White,Male,45.0,3fa46ace-372e-4d7e-b4bc-0579ebeaef72
35.0,Private,School,Widowed,Other/Unknown,White,Male,57.0,3fa46ace-372e-4d7e-b4bc-0579ebeaef72
31.0,Private,School,Divorced,Blue-Collar,Other,Female,63.0,3fa46ace-372e-4d7e-b4bc-0579ebeaef72
28.0,Private,Bachelors,Divorced,Blue-Collar,White,Male,79.0,3fa46ace-372e-4d7e-b4bc-0579ebeaef72
74.0,Private,Bachelors,Divorced,Blue-Collar,Other,Male,57.0,3fa46ace-372e-4d7e-b4bc-0579ebeaef72
22.0,Private,Bachelors,Divorced,Blue-Collar,White,Male,46.0,3fa46ace-372e-4d7e-b4bc-0579ebeaef72
37.0,Private,School,Widowed,Other/Unknown,White,Male,57.0,3fa46ace-372e-4d7e-b4bc-0579ebeaef72
29.0,Private,School,Divorced,Blue-Collar,Other,Female,58.0,3fa46ace-372e-4d7e-b4bc-0579ebeaef72
29.0,Private,Bachelors,Divorced,Sales,White,Male,80.0,3fa46ace-372e-4d7e-b4bc-0579ebeaef72
81.0,Private,Bachelors,Divorced,Blue-Collar,Other,Male,56.0,3fa46ace-372e-4d7e-b4bc-0579ebeaef72
30.0,Private,Assoc,Divorced,Blue-Collar,Other,Male,36.0,3fa46ace-372e-4d7e-b4bc-0579ebeaef72
29.0,Private,Bachelors,Widowed,Other/Unknown,White,Male,48.0,3fa46ace-372e-4d7e-b4bc-0579ebeaef72
68.0,Private,Bachelors,Married,Blue-Collar,White,Male,49.0,3fa46ace-372e-4d7e-b4bc-0579ebeaef72
20.0,Private,Bachelors,Divorced,Sales,White,Female,54.0,3fa46ace-372e-4d7e-b4bc-0579ebeaef72
29.0,Private,School,Divorced,Blue-Collar,Other,Male,73.0,3fa46ace-372e-4d7e-b4bc-0579ebeaef72
41.0,Private,Masters,Single,Sales,Other,Male,38.0,200dbeac-9fd8-471a-8a13-85a67f6a976c
55.0,Private,Bachelors,Widowed,White-Collar,White,Male,41.0,200dbeac-9fd8-471a-8a13-85a67f6a976c
26.0,Private,Bachelors,Single,White-Collar,White,Male,48.0,200dbeac-9fd8-471a-8a13-85a67f6a976c
87.0,Private,Bachelors,Single,White-Collar,White,Female,41.0,200dbeac-9fd8-471a-8a13-85a67f6a976c
40.0,Private,Assoc,Separated,White-Collar,White,Male,64.0,200dbeac-9fd8-471a-8a13-85a67f6a976c
40.0,Private,Some-college,Single,Sales,Other,Male,30.0,200dbeac-9fd8-471a-8a13-85a67f6a976c
24.0,Private,Bachelors,Married,White-Collar,White,Male,36.0,200dbeac-9fd8-471a-8a13-85a67f6a976c
40.0,Private,Bachelors,Single,White-Collar,White,Male,62.0,200dbeac-9fd8-471a-8a13-85a67f6a976c
49.0,Private,Bachelors,Single,Blue-Collar,White,Female,40.0,200dbeac-9fd8-471a-8a13-85a67f6a976c
87.0,Private,Bachelors,Single,White-Collar,Other,Male,37.0,200dbeac-9fd8-471a-8a13-85a67f6a976c
47.0,Private,Some-college,Single,Sales,Other,Male,37.0,200dbeac-9fd8-471a-8a13-85a67f6a976c
39.0,Private,Bachelors,Widowed,White-Collar,Other,Male,43.0,200dbeac-9fd8-471a-8a13-85a67f6a976c
30.0,Private,Bachelors,Single,Other/Unknown,White,Male,48.0,200dbeac-9fd8-471a-8a13-85a67f6a976c
90.0,Private,Bachelors,Single,White-Collar,White,Female,43.0,200dbeac-9fd8-471a-8a13-85a67f6a976c
60.0,Private,Assoc,Separated,White-Collar,White,Male,76.0,200dbeac-9fd8-471a-8a13-85a67f6a976c
46.0,Private,Assoc,Married,Sales,White,Male,6.0,5d5971a2-397c-480a-a261-29b8a6153f23
25.0,Private,Doctorate,Married,Sales,White,Female,26.0,5d5971a2-397c-480a-a261-29b8a6153f23
46.0,Government,HS-grad,Married,Blue-Collar,White,Male,32.0,5d5971a2-397c-480a-a261-29b8a6153f23
52.0,Private,Assoc,Divorced,Sales,White,Male,26.0,5d5971a2-397c-480a-a261-29b8a6153f23
90.0,Self-Employed,Assoc,Married,Sales,White,Male,27.0,5d5971a2-397c-480a-a261-29b8a6153f23
18.0,Private,Assoc,Married,Service,White,Male,25.0,5d5971a2-397c-480a-a261-29b8a6153f23
49.0,Private,Doctorate,Married,Sales,White,Female,28.0,5d5971a2-397c-480a-a261-29b8a6153f23
90.0,Self-Employed,Assoc,Married,Sales,White,Male,25.0,5d5971a2-397c-480a-a261-29b8a6153f23
44.0,Government,Assoc,Divorced,Sales,Other,Male,26.0,5d5971a2-397c-480a-a261-29b8a6153f23
44.0,Self-Employed,Assoc,Married,Sales,White,Male,49.0,5d5971a2-397c-480a-a261-29b8a6153f23
49.0,Private,Masters,Married,Sales,White,Male,9.0,5d5971a2-397c-480a-a261-29b8a6153f23
21.0,Other/Unknown,Assoc,Married,Sales,White,Male,27.0,5d5971a2-397c-480a-a261-29b8a6153f23
90.0,Private,Assoc,Married,Sales,White,Male,26.0,5d5971a2-397c-480a-a261-29b8a6153f23
46.0,Private,Assoc,Divorced,Service,White,Male,27.0,5d5971a2-397c-480a-a261-29b8a6153f23
47.0,Self-Employed,Doctorate,Married,Sales,White,Male,43.0,5d5971a2-397c-480a-a261-29b8a6153f23
50.0,Private,Bachelors,Divorced,Service,Other,Male,46.0,2d2ebd0f-64b0-4d8b-8eab-a4d9151fb9bf
47.0,Private,HS-grad,Widowed,Other/Unknown,White,Male,37.0,2d2ebd0f-64b0-4d8b-8eab-a4d9151fb9bf
32.0,Private,Assoc,Divorced,Sales,Other,Male,34.0,2d2ebd0f-64b0-4d8b-8eab-a4d9151fb9bf
80.0,Private,Bachelors,Separated,Service,White,Female,38.0,2d2ebd0f-64b0-4d8b-8eab-a4d9151fb9bf
39.0,Private,Bachelors,Widowed,Service,White,Female,69.0,2d2ebd0f-64b0-4d8b-8eab-a4d9151fb9bf
43.0,Private,Bachelors,Divorced,Sales,Other,Male,58.0,2d2ebd0f-64b0-4d8b-8eab-a4d9151fb9bf
58.0,Private,HS-grad,Widowed,Other/Unknown,White,Female,46.0,2d2ebd0f-64b0-4d8b-8eab-a4d9151fb9bf
46.0,Private,Assoc,Divorced,White-Collar,Other,Male,39.0,2d2ebd0f-64b0-4d8b-8eab-a4d9151fb9bf
36.0,Private,Bachelors,Married,Service,White,Male,48.0,2d2ebd0f-64b0-4d8b-8eab-a4d9151fb9bf
37.0,Private,Bachelors,Divorced,Service,White,Male,84.0,2d2ebd0f-64b0-4d8b-8eab-a4d9151fb9bf
29.0,Private,Bachelors,Divorced,Service,Other,Male,35.0,2d2ebd0f-64b0-4d8b-8eab-a4d9151fb9bf
66.0,Private,HS-grad,Widowed,Other/Unknown,White,Female,42.0,2d2ebd0f-64b0-4d8b-8eab-a4d9151fb9bf
46.0,Private,Assoc,Divorced,Sales,Other,Male,43.0,2d2ebd0f-64b0-4d8b-8eab-a4d9151fb9bf
59.0,Private,Bachelors,Married,Service,White,Male,49.0,2d2ebd0f-64b0-4d8b-8eab-a4d9151fb9bf
42.0,Private,Bachelors,Divorced,Service,White,Male,75.0,2d2ebd0f-64b0-4d8b-8eab-a4d9151fb9bf
52.0,Private,Prof-school,Widowed,Other/Unknown,White,Male,35.0,91064456-c6d5-497c-ad5f-c8a390af2119
28.0,Self-Employed,Bachelors,Single,Sales,Other,Male,37.0,91064456-c6d5-497c-ad5f-c8a390af2119
43.0,Private,Assoc,Married,Sales,Other,Male,30.0,91064456-c6d5-497c-ad5f-c8a390af2119
39.0,Private,Bachelors,Single,Professional,White,Female,52.0,91064456-c6d5-497c-ad5f-c8a390af2119
34.0,Private,Bachelors,Separated,Professional,White,Male,72.0,91064456-c6d5-497c-ad5f-c8a390af2119
49.0,Private,Assoc,Widowed,Other/Unknown,White,Male,37.0,91064456-c6d5-497c-ad5f-c8a390af2119
35.0,Private,Bachelors,Single,Blue-Collar,Other,Male,38.0,91064456-c6d5-497c-ad5f-c8a390af2119
67.0,Private,Bachelors,Married,Sales,Other,Male,43.0,91064456-c6d5-497c-ad5f-c8a390af2119
50.0,Private,Bachelors,Single,Professional,White,Female,56.0,91064456-c6d5-497c-ad5f-c8a390af2119
36.0,Self-Employed,Bachelors,Separated,Professional,Other,Male,69.0,91064456-c6d5-497c-ad5f-c8a390af2119
54.0,Self-Employed,Bachelors,Widowed,Sales,Other,Male,46.0,91064456-c6d5-497c-ad5f-c8a390af2119
36.0,Private,Bachelors,Married,Professional,White,Male,44.0,91064456-c6d5-497c-ad5f-c8a390af2119
35.0,Other/Unknown,Bachelors,Single,Sales,White,Female,49.0,91064456-c6d5-497c-ad5f-c8a390af2119
43.0,Private,Assoc,Single,Professional,White,Female,58.0,91064456-c6d5-497c-ad5f-c8a390af2119
33.0,Self-Employed,Bachelors,Separated,Other/Unknown,Other,Male,66.0,91064456-c6d5-497c-ad5f-c8a390af2119
69.0,Private,Some-college,Widowed,Other/Unknown,White,Male,50.0,e917dbd5-a7a9-4dc9-b300-1b393c3e53ef
29.0,Other/Unknown,Some-college,Widowed,Sales,Other,Male,50.0,e917dbd5-a7a9-4dc9-b300-1b393c3e53ef
34.0,Other/Unknown,Some-college,Single,Other/Unknown,Other,Female,44.0,e917dbd5-a7a9-4dc9-b300-1b393c3e53ef
22.0,Private,Bachelors,Divorced,Other/Unknown,White,Male,45.0,e917dbd5-a7a9-4dc9-b300-1b393c3e53ef
27.0,Other/Unknown,Bachelors,Single,Other/Unknown,Other,Male,72.0,e917dbd5-a7a9-4dc9-b300-1b393c3e53ef
55.0,Private,Some-college,Widowed,Other/Unknown,White,Female,45.0,e917dbd5-a7a9-4dc9-b300-1b393c3e53ef
20.0,Private,Some-college,Single,Sales,Other,Male,39.0,e917dbd5-a7a9-4dc9-b300-1b393c3e53ef
33.0,Government,Some-college,Widowed,Blue-Collar,White,Male,41.0,e917dbd5-a7a9-4dc9-b300-1b393c3e53ef
20.0,Private,Bachelors,Divorced,Other/Unknown,White,Male,52.0,e917dbd5-a7a9-4dc9-b300-1b393c3e53ef
35.0,Other/Unknown,Some-college,Single,Other/Unknown,Other,Female,68.0,e917dbd5-a7a9-4dc9-b300-1b393c3e53ef
76.0,Private,Some-college,Single,Sales,Other,Male,43.0,e917dbd5-a7a9-4dc9-b300-1b393c3e53ef
42.0,Other/Unknown,Some-college,Widowed,Other/Unknown,White,Female,45.0,e917dbd5-a7a9-4dc9-b300-1b393c3e53ef
17.0,Other/Unknown,Bachelors,Divorced,Other/Unknown,Other,Male,42.0,e917dbd5-a7a9-4dc9-b300-1b393c3e53ef
32.0,Private,Bachelors,Single,Other/Unknown,White,Male,49.0,e917dbd5-a7a9-4dc9-b300-1b393c3e53ef
28.0,Other/Unknown,Some-college,Single,Other/Unknown,Other,Female,70.0,e917dbd5-a7a9-4dc9-b300-1b393c3e53ef
50.0,Self-Employed,Bachelors,Widowed,Blue-Collar,Other,Male,39.0,49561751-025f-4801-b8cc-1d3d933fd564
90.0,Private,Bachelors,Married,Blue-Collar,Other,Male,27.0,49561751-025f-4801-b8cc-1d3d933fd564
80.0,Private,Bachelors,Married,White-Collar,Other,Female,40.0,49561751-025f-4801-b8cc-1d3d933fd564
77.0,Private,Bachelors,Married,Blue-Collar,White,Male,52.0,49561751-025f-4801-b8cc-1d3d933fd564
88.0,Self-Employed,Bachelors,Married,Blue-Collar,Other,Male,73.0,49561751-025f-4801-b8cc-1d3d933fd564
46.0,Self-Employed,Some-college,Married,Sales,Other,Male,62.0,49561751-025f-4801-b8cc-1d3d933fd564
90.0,Private,Bachelors,Married,Blue-Collar,Other,Male,45.0,49561751-025f-4801-b8cc-1d3d933fd564
77.0,Private,Some-college,Widowed,White-Collar,White,Female,50.0,49561751-025f-4801-b8cc-1d3d933fd564
79.0,Private,Bachelors,Married,White-Collar,White,Male,58.0,49561751-025f-4801-b8cc-1d3d933fd564
75.0,Private,Some-college,Married,White-Collar,Other,Female,79.0,49561751-025f-4801-b8cc-1d3d933fd564
40.0,Private,Bachelors,Married,Sales,White,Male,42.0,49561751-025f-4801-b8cc-1d3d933fd564
90.0,Private,Bachelors,Widowed,White-Collar,Other,Male,32.0,49561751-025f-4801-b8cc-1d3d933fd564
79.0,Other/Unknown,Bachelors,Married,White-Collar,Other,Female,38.0,49561751-025f-4801-b8cc-1d3d933fd564
79.0,Private,Bachelors,Married,White-Collar,White,Male,53.0,49561751-025f-4801-b8cc-1d3d933fd564
81.0,Self-Employed,Bachelors,Married,White-Collar,Other,Male,76.0,49561751-025f-4801-b8cc-1d3d933fd564
27.0,Private,Masters,Married,Service,White,Male,21.0,0763a1d0-c522-49cc-b43e-ea4ebdb215d0
17.0,Other/Unknown,Bachelors,Single,Blue-Collar,White,Male,36.0,0763a1d0-c522-49cc-b43e-ea4ebdb215d0
31.0,Government,HS-grad,Married,Blue-Collar,Other,Male,38.0,0763a1d0-c522-49cc-b43e-ea4ebdb215d0
90.0,Self-Employed,Bachelors,Married,Blue-Collar,White,Male,39.0,0763a1d0-c522-49cc-b43e-ea4ebdb215d0
25.0,Private,Doctorate,Married,Blue-Collar,White,Female,48.0,0763a1d0-c522-49cc-b43e-ea4ebdb215d0
30.0,Self-Employed,Bachelors,Married,Blue-Collar,White,Male,21.0,0763a1d0-c522-49cc-b43e-ea4ebdb215d0
17.0,Private,Bachelors,Married,Blue-Collar,White,Female,34.0,0763a1d0-c522-49cc-b43e-ea4ebdb215d0
34.0,Private,HS-grad,Single,Service,White,Male,34.0,0763a1d0-c522-49cc-b43e-ea4ebdb215d0
90.0,Government,Bachelors,Married,Blue-Collar,White,Male,34.0,0763a1d0-c522-49cc-b43e-ea4ebdb215d0
34.0,Private,Doctorate,Married,Blue-Collar,White,Female,50.0,0763a1d0-c522-49cc-b43e-ea4ebdb215d0
90.0,Private,Bachelors,Married,Blue-Collar,Other,Male,45.0,0763a1d0-c522-49cc-b43e-ea4ebdb215d0
33.0,Private,Some-college,Widowed,Blue-Collar,White,Male,36.0,0763a1d0-c522-49cc-b43e-ea4ebdb215d0
34.0,Private,Bachelors,Married,Blue-Collar,White,Male,54.0,0763a1d0-c522-49cc-b43e-ea4ebdb215d0
33.0,Private,Prof-school,Married,Other/Unknown,Other,Male,44.0,0763a1d0-c522-49cc-b43e-ea4ebdb215d0
40.0,Private,Prof-school,Married,Sales,White,Female,67.0,0763a1d0-c522-49cc-b43e-ea4ebdb215d0
59.0,Private,Bachelors,Single,Other/Unknown,Other,Male,2.0,2ed89d77-16a8-4af4-babb-d69754bec2b2
87.0,Private,Bachelors,Married,White-Collar,Other,Male,6.0,2ed89d77-16a8-4af4-babb-d69754bec2b2
38.0,Private,Some-college,Married,Sales,Other,Male,2.0,2ed89d77-16a8-4af4-babb-d69754bec2b2
55.0,Private,Bachelors,Married,White-Collar,Other,Male,17.0,2ed89d77-16a8-4af4-babb-d69754bec2b2
60.0,Private,HS-grad,Married,White-Collar,Other,Female,37.0,2ed89d77-16a8-4af4-babb-d69754bec2b2
79.0,Private,Assoc,Separated,White-Collar,Other,Female,6.0,2ed89d77-16a8-4af4-babb-d69754bec2b2
53.0,Private,Bachelors,Married,Sales,Other,Male,13.0,2ed89d77-16a8-4af4-babb-d69754bec2b2
90.0,Private,Bachelors,Married,White-Collar,Other,Male,18.0,2ed89d77-16a8-4af4-babb-d69754bec2b2
54.0,Private,Bachelors,Married,White-Collar,White,Male,42.0,2ed89d77-16a8-4af4-babb-d69754bec2b2
53.0,Private,Prof-school,Widowed,Other/Unknown,White,Male,41.0,9d995fd8-8ea7-4685-9f22-2609e3164ab0
33.0,Self-Employed,Bachelors,Single,Sales,Other,Male,43.0,9d995fd8-8ea7-4685-9f22-2609e3164ab0
30.0,Private,Assoc,Divorced,Sales,White,Male,44.0,9d995fd8-8ea7-4685-9f22-2609e3164ab0
37.0,Private,Bachelors,Single,Professional,White,Female,54.0,9d995fd8-8ea7-4685-9f22-2609e3164ab0
43.0,Self-Employed,Bachelors,Separated,Professional,Other,Male,72.0,9d995fd8-8ea7-4685-9f22-2609e3164ab0
54.0,Private,Prof-school,Widowed,Other/Unknown,White,Male,41.0,9d995fd8-8ea7-4685-9f22-2609e3164ab0
38.0,Self-Employed,Bachelors,Single,Sales,Other,Male,42.0,9d995fd8-8ea7-4685-9f22-2609e3164ab0
35.0,Private,Assoc,Married,Sales,Other,Male,41.0,9d995fd8-8ea7-4685-9f22-2609e3164ab0
42.0,Private,Bachelors,Single,Professional,White,Female,55.0,9d995fd8-8ea7-4685-9f22-2609e3164ab0
31.0,Private,Bachelors,Separated,Professional,White,Male,70.0,9d995fd8-8ea7-4685-9f22-2609e3164ab0
83.0,Private,Bachelors,Single,Sales,Other,Male,38.0,9d995fd8-8ea7-4685-9f22-2609e3164ab0
31.0,Private,Bachelors,Married,Professional,Other,Male,40.0,9d995fd8-8ea7-4685-9f22-2609e3164ab0
48.0,Private,Some-college,Single,Other/Unknown,White,Female,44.0,9d995fd8-8ea7-4685-9f22-2609e3164ab0
38.0,Private,Bachelors,Single,Sales,White,Male,53.0,9d995fd8-8ea7-4685-9f22-2609e3164ab0
49.0,Self-Employed,Bachelors,Separated,Other/Unknown,Other,Male,69.0,9d995fd8-8ea7-4685-9f22-2609e3164ab0
66.0,Private,Some-college,Widowed,Blue-Collar,White,Female,40.0,a9f0d204-0c8d-4d11-9f6d-f6e64905413e
27.0,Private,Some-college,Single,Sales,Other,Male,38.0,a9f0d204-0c8d-4d11-9f6d-f6e64905413e
38.0,Other/Unknown,Some-college,Widowed,Other/Unknown,White,Female,37.0,a9f0d204-0c8d-4d11-9f6d-f6e64905413e
28.0,Private,Bachelors,Divorced,Other/Unknown,White,Male,46.0,a9f0d204-0c8d-4d11-9f6d-f6e64905413e
35.0,Other/Unknown,Some-college,Single,Other/Unknown,Other,Female,65.0,a9f0d204-0c8d-4d11-9f6d-f6e64905413e
62.0,Private,Some-college,Widowed,Other/Unknown,White,Male,41.0,a9f0d204-0c8d-4d11-9f6d-f6e64905413e
17.0,Other/Unknown,Bachelors,Divorced,Sales,Other,Male,41.0,a9f0d204-0c8d-4d11-9f6d-f6e64905413e
38.0,Other/Unknown,Some-college,Single,Other/Unknown,Other,Female,39.0,a9f0d204-0c8d-4d11-9f6d-f6e64905413e
35.0,Private,Bachelors,Single,Other/Unknown,White,Male,52.0,a9f0d204-0c8d-4d11-9f6d-f6e64905413e
23.0,Other/Unknown,Some-college,Single,Other/Unknown,Other,Male,72.0,a9f0d204-0c8d-4d11-9f6d-f6e64905413e
67.0,Private,Some-college,Widowed,Blue-Collar,White,Female,41.0,a9f0d204-0c8d-4d11-9f6d-f6e64905413e
21.0,Private,Some-college,Single,Sales,Other,Male,35.0,a9f0d204-0c8d-4d11-9f6d-f6e64905413e
39.0,Other/Unknown,Some-college,Widowed,Other/Unknown,White,Female,38.0,a9f0d204-0c8d-4d11-9f6d-f6e64905413e
20.0,Private,Bachelors,Divorced,Other/Unknown,White,Male,50.0,a9f0d204-0c8d-4d11-9f6d-f6e64905413e
35.0,Other/Unknown,Some-college,Single,Other/Unknown,Other,Female,64.0,a9f0d204-0c8d-4d11-9f6d-f6e64905413e
49.0,Self-Employed,Bachelors,Married,Sales,Other,Male,48.0,789d83c4-3bba-4d97-9b96-9b3515fac05f
90.0,Private,Bachelors,Married,White-Collar,Other,Male,33.0,789d83c4-3bba-4d97-9b96-9b3515fac05f
81.0,Other/Unknown,Bachelors,Widowed,White-Collar,Other,Female,47.0,789d83c4-3bba-4d97-9b96-9b3515fac05f
78.0,Private,Bachelors,Married,White-Collar,White,Male,55.0,789d83c4-3bba-4d97-9b96-9b3515fac05f
71.0,Self-Employed,Bachelors,Married,White-Collar,Other,Male,82.0,789d83c4-3bba-4d97-9b96-9b3515fac05f
42.0,Self-Employed,Bachelors,Married,White-Collar,Other,Male,49.0,789d83c4-3bba-4d97-9b96-9b3515fac05f
89.0,Private,Bachelors,Married,Sales,White,Male,44.0,789d83c4-3bba-4d97-9b96-9b3515fac05f
77.0,Other/Unknown,Bachelors,Widowed,Other/Unknown,Other,Female,47.0,789d83c4-3bba-4d97-9b96-9b3515fac05f
79.0,Private,Bachelors,Married,White-Collar,White,Male,60.0,789d83c4-3bba-4d97-9b96-9b3515fac05f
80.0,Self-Employed,Bachelors,Married,White-Collar,Other,Male,79.0,789d83c4-3bba-4d97-9b96-9b3515fac05f
39.0,Private,School,Married,Blue-Collar,White,Male,24.0,f5e20630-706a-4862-b2ed-53fd5288948b
22.0,Private,Doctorate,Married,Blue-Collar,White,Female,46.0,f5e20630-706a-4862-b2ed-53fd5288948b
31.0,Self-Employed,Bachelors,Separated,Blue-Collar,White,Male,42.0,f5e20630-706a-4862-b2ed-53fd5288948b
35.0,Government,Bachelors,Married,Professional,White,Male,43.0,f5e20630-706a-4862-b2ed-53fd5288948b
90.0,Private,Doctorate,Married,Blue-Collar,White,Male,46.0,f5e20630-706a-4862-b2ed-53fd5288948b
42.0,Private,Doctorate,Married,Blue-Collar,White,Male,26.0,f5e20630-706a-4862-b2ed-53fd5288948b
18.0,Private,Bachelors,Married,Blue-Collar,White,Female,44.0,f5e20630-706a-4862-b2ed-53fd5288948b
33.0,Self-Employed,Bachelors,Separated,Blue-Collar,White,Male,45.0,f5e20630-706a-4862-b2ed-53fd5288948b
35.0,Private,HS-grad,Married,Professional,White,Male,52.0,f5e20630-706a-4862-b2ed-53fd5288948b
90.0,Private,Doctorate,Married,Blue-Collar,White,Male,43.0,f5e20630-706a-4862-b2ed-53fd5288948b
26.0,Private,Doctorate,Married,Service,White,Male,15.0,f5e20630-706a-4862-b2ed-53fd5288948b
32.0,Other/Unknown,Doctorate,Married,Blue-Collar,Other,Male,39.0,f5e20630-706a-4862-b2ed-53fd5288948b
17.0,Private,HS-grad,Married,Blue-Collar,White,Male,38.0,f5e20630-706a-4862-b2ed-53fd5288948b
90.0,Self-Employed,Bachelors,Married,Blue-Collar,White,Male,39.0,f5e20630-706a-4862-b2ed-53fd5288948b
22.0,Self-Employed,Bachelors,Married,Blue-Collar,White,Female,43.0,f5e20630-706a-4862-b2ed-53fd5288948b
63.0,Private,Bachelors,Married,Blue-Collar,Other,Male,2.0,0829492d-02b1-41bc-bad1-3d5208f4fb26
74.0,Private,Assoc,Separated,White-Collar,Other,Female,3.0,0829492d-02b1-41bc-bad1-3d5208f4fb26
51.0,Private,Bachelors,Married,Sales,Other,Male,16.0,0829492d-02b1-41bc-bad1-3d5208f4fb26
90.0,Private,Bachelors,Married,White-Collar,Other,Male,20.0,0829492d-02b1-41bc-bad1-3d5208f4fb26
58.0,Private,Bachelors,Married,White-Collar,White,Male,42.0,0829492d-02b1-41bc-bad1-3d5208f4fb26
64.0,Private,Bachelors,Married,Blue-Collar,Other,Male,2.0,0829492d-02b1-41bc-bad1-3d5208f4fb26
81.0,Private,Assoc,Separated,White-Collar,Other,Female,11.0,0829492d-02b1-41bc-bad1-3d5208f4fb26
47.0,Private,Bachelors,Married,Sales,Other,Male,4.0,0829492d-02b1-41bc-bad1-3d5208f4fb26
82.0,Private,Bachelors,Married,White-Collar,Other,Male,21.0,0829492d-02b1-41bc-bad1-3d5208f4fb26
61.0,Private,Bachelors,Married,White-Collar,White,Female,45.0,0829492d-02b1-41bc-bad1-3d5208f4fb26
53.0,Private,Bachelors,Married,White-Collar,Other,Male,2.0,0829492d-02b1-41bc-bad1-3d5208f4fb26
82.0,Private,Assoc,Separated,Sales,Other,Female,4.0,0829492d-02b1-41bc-bad1-3d5208f4fb26
62.0,Private,Bachelors,Separated,Other/Unknown,Other,Male,12.0,0829492d-02b1-41bc-bad1-3d5208f4fb26
60.0,Private,Bachelors,Separated,Sales,White,Male,27.0,0829492d-02b1-41bc-bad1-3d5208f4fb26
60.0,Private,HS-grad,Separated,White-Collar,Other,Male,45.0,0829492d-02b1-41bc-bad1-3d5208f4fb26
69.0,Private,Bachelors,Widowed,Service,White,Female,40.0,e1cad930-eafd-4000-80a4-423782941df5
38.0,Private,Bachelors,Married,Other/Unknown,White,Male,33.0,e1cad930-eafd-4000-80a4-423782941df5
44.0,Private,School,Married,Sales,Other,Male,40.0,e1cad930-eafd-4000-80a4-423782941df5
20.0,Private,Bachelors,Married,Service,White,Male,50.0,e1cad930-eafd-4000-80a4-423782941df5
47.0,Private,Bachelors,Married,Service,White,Male,76.0,e1cad930-eafd-4000-80a4-423782941df5
90.0,Private,Bachelors,Married,Service,Other,Male,36.0,e1cad930-eafd-4000-80a4-423782941df5
32.0,Private,School,Married,Other/Unknown,Other,Male,36.0,e1cad930-eafd-4000-80a4-423782941df5
40.0,Private,Assoc,Widowed,Sales,White,Male,35.0,e1cad930-eafd-4000-80a4-423782941df5
37.0,Private,Bachelors,Married,Service,White,Male,51.0,e1cad930-eafd-4000-80a4-423782941df5
50.0,Private,School,Married,Sales,White,Male,73.0,e1cad930-eafd-4000-80a4-423782941df5
80.0,Private,Bachelors,Married,Service,Other,Female,38.0,e1cad930-eafd-4000-80a4-423782941df5
29.0,Private,School,Married,Other/Unknown,Other,Male,33.0,e1cad930-eafd-4000-80a4-423782941df5
39.0,Private,School,Widowed,Sales,White,Male,40.0,e1cad930-eafd-4000-80a4-423782941df5
32.0,Private,Bachelors,Married,Service,White,Male,49.0,e1cad930-eafd-4000-80a4-423782941df5
42.0,Private,Bachelors,Married,Service,White,Male,70.0,e1cad930-eafd-4000-80a4-423782941df5
22.0,Private,Bachelors,Divorced,Blue-Collar,White,Male,47.0,5a260f21-f75c-4624-9d5c-737ee28e75af
37.0,Private,School,Widowed,Other/Unknown,White,Male,57.0,5a260f21-f75c-4624-9d5c-737ee28e75af
30.0,Private,School,Divorced,Blue-Collar,Other,Female,70.0,5a260f21-f75c-4624-9d5c-737ee28e75af
30.0,Private,Bachelors,Divorced,Sales,White,Male,78.0,5a260f21-f75c-4624-9d5c-737ee28e75af
76.0,Private,Bachelors,Divorced,Blue-Collar,Other,Male,58.0,5a260f21-f75c-4624-9d5c-737ee28e75af
36.0,Private,Bachelors,Married,Blue-Collar,White,Male,39.0,5a260f21-f75c-4624-9d5c-737ee28e75af
51.0,Private,School,Widowed,Other/Unknown,White,Male,55.0,5a260f21-f75c-4624-9d5c-737ee28e75af
36.0,Private,School,Divorced,Blue-Collar,Other,Female,54.0,5a260f21-f75c-4624-9d5c-737ee28e75af
17.0,Private,Bachelors,Divorced,Sales,White,Male,56.0,5a260f21-f75c-4624-9d5c-737ee28e75af
38.0,Private,Bachelors,Divorced,Blue-Collar,White,Male,82.0,5a260f21-f75c-4624-9d5c-737ee28e75af
33.0,Private,Bachelors,Divorced,Blue-Collar,White,Male,41.0,5a260f21-f75c-4624-9d5c-737ee28e75af
45.0,Private,School,Widowed,Other/Unknown,White,Male,56.0,5a260f21-f75c-4624-9d5c-737ee28e75af
32.0,Private,School,Divorced,Blue-Collar,Other,Female,55.0,5a260f21-f75c-4624-9d5c-737ee28e75af
17.0,Private,Bachelors,Divorced,Sales,White,Male,61.0,5a260f21-f75c-4624-9d5c-737ee28e75af
56.0,Private,Bachelors,Divorced,Blue-Collar,Other,Male,78.0,5a260f21-f75c-4624-9d5c-737ee28e75af
38.0,Private,Some-college,Single,White-Collar,Other,Male,24.0,be8e457c-0484-45d2-a55e-dd11833e0679
44.0,Private,Bachelors,Divorced,Sales,Other,Male,37.0,be8e457c-0484-45d2-a55e-dd11833e0679
65.0,Private,Masters,Single,Blue-Collar,Other,Female,38.0,be8e457c-0484-45d2-a55e-dd11833e0679
38.0,Private,Bachelors,Single,White-Collar,Other,Male,49.0,be8e457c-0484-45d2-a55e-dd11833e0679
90.0,Private,Bachelors,Single,White-Collar,Other,Male,54.0,be8e457c-0484-45d2-a55e-dd11833e0679
38.0,Private,Bachelors,Single,Blue-Collar,Other,Male,26.0,be8e457c-0484-45d2-a55e-dd11833e0679
34.0,Private,Some-college,Widowed,Blue-Collar,White,Male,43.0,be8e457c-0484-45d2-a55e-dd11833e0679
52.0,Private,Bachelors,Single,Other/Unknown,White,Male,42.0,be8e457c-0484-45d2-a55e-dd11833e0679
38.0,Private,Bachelors,Single,Sales,White,Male,64.0,be8e457c-0484-45d2-a55e-dd11833e0679
90.0,Private,Bachelors,Single,Blue-Collar,Other,Male,44.0,be8e457c-0484-45d2-a55e-dd11833e0679
40.0,Private,Masters,Single,Sales,Other,Male,30.0,be8e457c-0484-45d2-a55e-dd11833e0679
41.0,Private,Some-college,Widowed,White-Collar,White,Male,38.0,be8e457c-0484-45d2-a55e-dd11833e0679
41.0,Private,Bachelors,Single,White-Collar,White,Male,63.0,be8e457c-0484-45d2-a55e-dd11833e0679
47.0,Private,Assoc,Single,Other/Unknown,White,Female,41.0,be8e457c-0484-45d2-a55e-dd11833e0679
90.0,Private,Bachelors,Single,White-Collar,Other,Male,40.0,be8e457c-0484-45d2-a55e-dd11833e0679
17.0,Self-Employed,Assoc,Married,Sales,White,Male,21.0,0af7c9ce-f112-4419-9686-7cefcf95f348
48.0,Private,Assoc,Married,Sales,White,Male,2.0,0af7c9ce-f112-4419-9686-7cefcf95f348
48.0,Private,HS-grad,Married,White-Collar,White,Male,22.0,0af7c9ce-f112-4419-9686-7cefcf95f348
71.0,Private,Assoc,Divorced,Sales,White,Male,21.0,0af7c9ce-f112-4419-9686-7cefcf95f348
90.0,Private,Assoc,Married,Sales,White,Male,34.0,0af7c9ce-f112-4419-9686-7cefcf95f348
90.0,Private,Bachelors,Married,Sales,Other,Male,26.0,0af7c9ce-f112-4419-9686-7cefcf95f348
37.0,Private,Bachelors,Married,Blue-Collar,White,Male,17.0,0af7c9ce-f112-4419-9686-7cefcf95f348
45.0,Private,Assoc,Widowed,Sales,Other,Male,22.0,0af7c9ce-f112-4419-9686-7cefcf95f348
49.0,Private,Bachelors,Married,Sales,White,Male,42.0,0af7c9ce-f112-4419-9686-7cefcf95f348
38.0,Private,School,Married,Sales,White,Male,66.0,0af7c9ce-f112-4419-9686-7cefcf95f348
19.0,Private,Assoc,Married,Sales,White,Male,14.0,0af7c9ce-f112-4419-9686-7cefcf95f348
45.0,Other/Unknown,Assoc,Married,Sales,White,Male,24.0,0af7c9ce-f112-4419-9686-7cefcf95f348
46.0,Private,HS-grad,Married,Blue-Collar,White,Male,29.0,0af7c9ce-f112-4419-9686-7cefcf95f348
78.0,Private,Assoc,Divorced,White-Collar,White,Male,22.0,0af7c9ce-f112-4419-9686-7cefcf95f348
90.0,Self-Employed,Doctorate,Married,Sales,White,Male,34.0,0af7c9ce-f112-4419-9686-7cefcf95f348
47.0,Private,Bachelors,Divorced,Service,Other,Male,29.0,5f64c545-7743-4586-bdc2-dc1b6bed736a
53.0,Private,HS-grad,Widowed,Other/Unknown,White,Female,37.0,5f64c545-7743-4586-bdc2-dc1b6bed736a
39.0,Private,Assoc,Divorced,Sales,Other,Male,36.0,5f64c545-7743-4586-bdc2-dc1b6bed736a
64.0,Private,Bachelors,Married,Service,White,Male,48.0,5f64c545-7743-4586-bdc2-dc1b6bed736a
43.0,Private,Bachelors,Divorced,Service,White,Female,68.0,5f64c545-7743-4586-bdc2-dc1b6bed736a
26.0,Private,Bachelors,Divorced,Sales,Other,Male,33.0,5f64c545-7743-4586-bdc2-dc1b6bed736a
50.0,Private,HS-grad,Widowed,Other/Unknown,White,Female,38.0,5f64c545-7743-4586-bdc2-dc1b6bed736a
40.0,Private,Assoc,Divorced,Other/Unknown,Other,Male,50.0,5f64c545-7743-4586-bdc2-dc1b6bed736a
53.0,Private,Bachelors,Married,Service,White,Male,38.0,5f64c545-7743-4586-bdc2-dc1b6bed736a
42.0,Private,Bachelors,Divorced,Service,White,Female,63.0,5f64c545-7743-4586-bdc2-dc1b6bed736a
40.0,Private,Bachelors,Divorced,Service,Other,Male,45.0,5f64c545-7743-4586-bdc2-dc1b6bed736a
69.0,Private,Bachelors,Separated,Sales,White,Male,42.0,5f64c545-7743-4586-bdc2-dc1b6bed736a
28.0,Private,Assoc,Divorced,Other/Unknown,Other,Male,35.0,5f64c545-7743-4586-bdc2-dc1b6bed736a
40.0,Private,Bachelors,Married,Service,White,Male,26.0,5f64c545-7743-4586-bdc2-dc1b6bed736a
40.0,Private,Bachelors,Widowed,Service,White,Male,58.0,5f64c545-7743-4586-bdc2-dc1b6bed736a
71.0,Private,Prof-school,Widowed,Other/Unknown,White,Male,43.0,9d995fd8-8ea7-4685-9f22-2609e3164ab0
29.0,Self-Employed,Bachelors,Single,Sales,Other,Male,45.0,9d995fd8-8ea7-4685-9f22-2609e3164ab0
28.0,Private,Assoc,Separated,Sales,Other,Male,39.0,9d995fd8-8ea7-4685-9f22-2609e3164ab0
46.0,Private,Bachelors,Single,Professional,White,Female,39.0,9d995fd8-8ea7-4685-9f22-2609e3164ab0
31.0,Private,Bachelors,Separated,Professional,White,Male,63.0,9d995fd8-8ea7-4685-9f22-2609e3164ab0
47.0,Private,Prof-school,Widowed,Other/Unknown,White,Male,40.0,9d995fd8-8ea7-4685-9f22-2609e3164ab0
33.0,Self-Employed,Bachelors,Single,Sales,Other,Male,44.0,9d995fd8-8ea7-4685-9f22-2609e3164ab0
23.0,Private,Assoc,Divorced,Sales,Other,Male,47.0,9d995fd8-8ea7-4685-9f22-2609e3164ab0
38.0,Private,Bachelors,Single,Professional,White,Male,60.0,9d995fd8-8ea7-4685-9f22-2609e3164ab0
30.0,Self-Employed,Bachelors,Separated,Professional,White,Male,78.0,9d995fd8-8ea7-4685-9f22-2609e3164ab0
69.0,Private,Bachelors,Widowed,Other/Unknown,White,Male,42.0,9d995fd8-8ea7-4685-9f22-2609e3164ab0
40.0,Self-Employed,Bachelors,Single,Sales,Other,Male,37.0,9d995fd8-8ea7-4685-9f22-2609e3164ab0
49.0,Private,Assoc,Married,Sales,White,Male,49.0,9d995fd8-8ea7-4685-9f22-2609e3164ab0
40.0,Private,Bachelors,Single,Professional,White,Female,45.0,9d995fd8-8ea7-4685-9f22-2609e3164ab0
35.0,Private,Bachelors,Separated,Professional,Other,Male,72.0,9d995fd8-8ea7-4685-9f22-2609e3164ab0
38.0,Private,Bachelors,Single,Blue-Collar,Other,Male,32.0,a9f0d204-0c8d-4d11-9f6d-f6e64905413e
18.0,Private,Some-college,Divorced,Blue-Collar,Other,Male,43.0,a9f0d204-0c8d-4d11-9f6d-f6e64905413e
58.0,Other/Unknown,Some-college,Widowed,Blue-Collar,White,Female,42.0,a9f0d204-0c8d-4d11-9f6d-f6e64905413e
32.0,Other/Unknown,Bachelors,Single,Sales,White,Male,47.0,a9f0d204-0c8d-4d11-9f6d-f6e64905413e
22.0,Government,Some-college,Widowed,Blue-Collar,White,Male,61.0,a9f0d204-0c8d-4d11-9f6d-f6e64905413e
85.0,Private,Some-college,Single,White-Collar,Other,Male,42.0,a9f0d204-0c8d-4d11-9f6d-f6e64905413e
18.0,Private,Some-college,Divorced,Blue-Collar,Other,Male,36.0,a9f0d204-0c8d-4d11-9f6d-f6e64905413e
41.0,Other/Unknown,Bachelors,Single,Sales,Other,Male,40.0,a9f0d204-0c8d-4d11-9f6d-f6e64905413e
58.0,Other/Unknown,Some-college,Single,White-Collar,Other,Female,36.0,a9f0d204-0c8d-4d11-9f6d-f6e64905413e
29.0,Other/Unknown,Some-college,Widowed,White-Collar,Other,Male,62.0,a9f0d204-0c8d-4d11-9f6d-f6e64905413e
18.0,Private,Some-college,Single,Sales,Other,Male,41.0,a9f0d204-0c8d-4d11-9f6d-f6e64905413e
41.0,Other/Unknown,Some-college,Widowed,Blue-Collar,White,Male,40.0,a9f0d204-0c8d-4d11-9f6d-f6e64905413e
64.0,Other/Unknown,Some-college,Single,Other/Unknown,Other,Female,44.0,a9f0d204-0c8d-4d11-9f6d-f6e64905413e
34.0,Private,Bachelors,Married,Other/Unknown,White,Male,46.0,a9f0d204-0c8d-4d11-9f6d-f6e64905413e
26.0,Other/Unknown,Some-college,Single,Other/Unknown,Other,Female,66.0,a9f0d204-0c8d-4d11-9f6d-f6e64905413e
75.0,Self-Employed,Bachelors,Married,White-Collar,Other,Male,24.0,789d83c4-3bba-4d97-9b96-9b3515fac05f
74.0,Self-Employed,Bachelors,Married,White-Collar,White,Female,44.0,789d83c4-3bba-4d97-9b96-9b3515fac05f
90.0,Government,Bachelors,Married,Professional,Other,Male,43.0,789d83c4-3bba-4d97-9b96-9b3515fac05f
63.0,Self-Employed,School,Single,White-Collar,Other,Male,45.0,789d83c4-3bba-4d97-9b96-9b3515fac05f
77.0,Self-Employed,Doctorate,Married,White-Collar,Other,Male,64.0,789d83c4-3bba-4d97-9b96-9b3515fac05f
47.0,Self-Employed,Bachelors,Married,Sales,Other,Male,44.0,789d83c4-3bba-4d97-9b96-9b3515fac05f
90.0,Private,Bachelors,Married,White-Collar,Other,Male,32.0,789d83c4-3bba-4d97-9b96-9b3515fac05f
76.0,Other/Unknown,Bachelors,Widowed,White-Collar,Other,Female,46.0,789d83c4-3bba-4d97-9b96-9b3515fac05f
76.0,Private,Bachelors,Married,White-Collar,White,Male,52.0,789d83c4-3bba-4d97-9b96-9b3515fac05f
69.0,Self-Employed,Bachelors,Married,White-Collar,Other,Male,83.0,789d83c4-3bba-4d97-9b96-9b3515fac05f
38.0,Self-Employed,Bachelors,Married,White-Collar,Other,Male,45.0,789d83c4-3bba-4d97-9b96-9b3515fac05f
90.0,Private,Bachelors,Widowed,Blue-Collar,White,Male,41.0,789d83c4-3bba-4d97-9b96-9b3515fac05f
83.0,Other/Unknown,Bachelors,Married,Sales,Other,Female,42.0,789d83c4-3bba-4d97-9b96-9b3515fac05f
73.0,Private,Bachelors,Married,White-Collar,White,Male,58.0,789d83c4-3bba-4d97-9b96-9b3515fac05f
79.0,Self-Employed,Bachelors,Married,White-Collar,Other,Male,80.0,789d83c4-3bba-4d97-9b96-9b3515fac05f
21.0,Private,School,Married,Blue-Collar,White,Male,12.0,f5e20630-706a-4862-b2ed-53fd5288948b
37.0,Private,Doctorate,Married,Blue-Collar,White,Female,42.0,f5e20630-706a-4862-b2ed-53fd5288948b
21.0,Self-Employed,Bachelors,Separated,Blue-Collar,White,Male,45.0,f5e20630-706a-4862-b2ed-53fd5288948b
35.0,Government,HS-grad,Married,Professional,White,Male,51.0,f5e20630-706a-4862-b2ed-53fd5288948b
90.0,Private,Doctorate,Married,Blue-Collar,White,Male,44.0,f5e20630-706a-4862-b2ed-53fd5288948b
37.0,Private,Bachelors,Married,Professional,White,Female,23.0,f5e20630-706a-4862-b2ed-53fd5288948b
17.0,Private,HS-grad,Married,Professional,Other,Male,34.0,f5e20630-706a-4862-b2ed-53fd5288948b
90.0,Private,Masters,Married,Professional,White,Male,38.0,f5e20630-706a-4862-b2ed-53fd5288948b
33.0,Government,Bachelors,Divorced,Service,White,Male,34.0,f5e20630-706a-4862-b2ed-53fd5288948b
33.0,Self-Employed,Doctorate,Married,Professional,White,Male,53.0,f5e20630-706a-4862-b2ed-53fd5288948b
37.0,Private,Doctorate,Married,Blue-Collar,White,Male,24.0,f5e20630-706a-4862-b2ed-53fd5288948b
17.0,Other/Unknown,Bachelors,Married,Blue-Collar,White,Male,35.0,f5e20630-706a-4862-b2ed-53fd5288948b
37.0,Private,Bachelors,Married,Service,White,Female,38.0,f5e20630-706a-4862-b2ed-53fd5288948b
34.0,Private,HS-grad,Married,Blue-Collar,White,Male,54.0,f5e20630-706a-4862-b2ed-53fd5288948b
90.0,Private,Doctorate,Married,Blue-Collar,White,Male,39.0,f5e20630-706a-4862-b2ed-53fd5288948b
45.0,Private,Bachelors,Married,Sales,White,Male,2.0,0829492d-02b1-41bc-bad1-3d5208f4fb26
62.0,Private,Bachelors,Married,White-Collar,Other,Male,2.0,0829492d-02b1-41bc-bad1-3d5208f4fb26
63.0,Private,Assoc,Widowed,Other/Unknown,Other,Female,17.0,0829492d-02b1-41bc-bad1-3d5208f4fb26
90.0,Private,Bachelors,Married,White-Collar,Other,Male,11.0,0829492d-02b1-41bc-bad1-3d5208f4fb26
65.0,Private,Bachelors,Married,White-Collar,White,Male,36.0,0829492d-02b1-41bc-bad1-3d5208f4fb26
57.0,Private,Bachelors,Married,Blue-Collar,Other,Male,2.0,0829492d-02b1-41bc-bad1-3d5208f4fb26
90.0,Private,Bachelors,Married,Sales,Other,Female,6.0,0829492d-02b1-41bc-bad1-3d5208f4fb26
47.0,Private,Bachelors,Single,Sales,White,Male,6.0,0829492d-02b1-41bc-bad1-3d5208f4fb26
64.0,Private,Bachelors,Married,Other/Unknown,White,Male,26.0,0829492d-02b1-41bc-bad1-3d5208f4fb26
58.0,Private,Assoc,Married,Professional,Other,Female,37.0,0829492d-02b1-41bc-bad1-3d5208f4fb26
39.0,Private,Bachelors,Married,Blue-Collar,Other,Male,2.0,0829492d-02b1-41bc-bad1-3d5208f4fb26
64.0,Private,Assoc,Separated,Sales,Other,Female,2.0,0829492d-02b1-41bc-bad1-3d5208f4fb26
64.0,Private,Bachelors,Widowed,Sales,Other,Male,12.0,0829492d-02b1-41bc-bad1-3d5208f4fb26
87.0,Private,Bachelors,Married,White-Collar,Other,Male,7.0,0829492d-02b1-41bc-bad1-3d5208f4fb26
58.0,Private,Bachelors,Married,White-Collar,White,Male,41.0,0829492d-02b1-41bc-bad1-3d5208f4fb26
35.0,Private,HS-grad,Separated,Other/Unknown,Other,Male,47.0,e1cad930-eafd-4000-80a4-423782941df5
80.0,Private,HS-grad,Married,Sales,Other,Female,46.0,e1cad930-eafd-4000-80a4-423782941df5
32.0,Private,Bachelors,Married,Sales,White,Male,38.0,e1cad930-eafd-4000-80a4-423782941df5
49.0,Private,Assoc,Married,Service,White,Male,55.0,e1cad930-eafd-4000-80a4-423782941df5
35.0,Private,Bachelors,Married,Service,White,Male,71.0,e1cad930-eafd-4000-80a4-423782941df5
40.0,Private,School,Widowed,Other/Unknown,White,Male,33.0,e1cad930-eafd-4000-80a4-423782941df5
23.0,Private,Bachelors,Married,Service,Other,Male,28.0,e1cad930-eafd-4000-80a4-423782941df5
38.0,Private,Assoc,Married,Sales,White,Male,41.0,e1cad930-eafd-4000-80a4-423782941df5
90.0,Private,Bachelors,Married,Service,Other,Male,37.0,e1cad930-eafd-4000-80a4-423782941df5
30.0,Private,Bachelors,Married,Service,White,Male,61.0,e1cad930-eafd-4000-80a4-423782941df5
53.0,Private,School,Widowed,Service,Other,Female,43.0,e1cad930-eafd-4000-80a4-423782941df5
27.0,Private,School,Married,Sales,Other,Male,37.0,e1cad930-eafd-4000-80a4-423782941df5
22.0,Private,Bachelors,Divorced,Other/Unknown,White,Male,44.0,e1cad930-eafd-4000-80a4-423782941df5
24.0,Private,Bachelors,Married,Service,White,Male,54.0,e1cad930-eafd-4000-80a4-423782941df5
42.0,Private,Bachelors,Married,Service,White,Male,76.0,e1cad930-eafd-4000-80a4-423782941df5
32.0,Private,Bachelors,Married,Blue-Collar,White,Male,32.0,5a260f21-f75c-4624-9d5c-737ee28e75af
50.0,Private,School,Widowed,Other/Unknown,White,Male,51.0,5a260f21-f75c-4624-9d5c-737ee28e75af
33.0,Private,School,Divorced,Blue-Collar,Other,Female,48.0,5a260f21-f75c-4624-9d5c-737ee28e75af
17.0,Private,Bachelors,Divorced,Sales,White,Male,47.0,5a260f21-f75c-4624-9d5c-737ee28e75af
32.0,Private,Bachelors,Divorced,Blue-Collar,White,Male,73.0,5a260f21-f75c-4624-9d5c-737ee28e75af
17.0,Private,Bachelors,Divorced,Blue-Collar,White,Male,51.0,5a260f21-f75c-4624-9d5c-737ee28e75af
36.0,Private,School,Widowed,Other/Unknown,White,Male,60.0,5a260f21-f75c-4624-9d5c-737ee28e75af
39.0,Private,School,Divorced,Blue-Collar,Other,Female,62.0,5a260f21-f75c-4624-9d5c-737ee28e75af
36.0,Private,Bachelors,Divorced,Sales,White,Male,85.0,5a260f21-f75c-4624-9d5c-737ee28e75af
90.0,Private,Bachelors,Married,Blue-Collar,White,Male,61.0,5a260f21-f75c-4624-9d5c-737ee28e75af
20.0,Private,Bachelors,Divorced,Blue-Collar,White,Male,48.0,5a260f21-f75c-4624-9d5c-737ee28e75af
39.0,Private,School,Widowed,Other/Unknown,White,Male,60.0,5a260f21-f75c-4624-9d5c-737ee28e75af
27.0,Private,School,Divorced,Blue-Collar,Other,Female,60.0,5a260f21-f75c-4624-9d5c-737ee28e75af
29.0,Private,School,Divorced,Sales,White,Male,81.0,5a260f21-f75c-4624-9d5c-737ee28e75af
80.0,Private,Bachelors,Divorced,Blue-Collar,Other,Male,61.0,5a260f21-f75c-4624-9d5c-737ee28e75af
85.0,Private,Prof-school,Single,White-Collar,Other,Female,47.0,be8e457c-0484-45d2-a55e-dd11833e0679
61.0,Private,Prof-school,Widowed,Other/Unknown,White,Male,39.0,be8e457c-0484-45d2-a55e-dd11833e0679
38.0,Private,Assoc,Married,White-Collar,Other,Male,40.0,be8e457c-0484-45d2-a55e-dd11833e0679
33.0,Private,Bachelors,Single,White-Collar,White,Male,47.0,be8e457c-0484-45d2-a55e-dd11833e0679
48.0,Private,Prof-school,Single,Sales,White,Male,64.0,be8e457c-0484-45d2-a55e-dd11833e0679
30.0,Private,Bachelors,Single,Sales,White,Male,39.0,be8e457c-0484-45d2-a55e-dd11833e0679
46.0,Private,Masters,Widowed,White-Collar,Other,Male,32.0,be8e457c-0484-45d2-a55e-dd11833e0679
48.0,Private,Bachelors,Single,Other/Unknown,Other,Male,47.0,be8e457c-0484-45d2-a55e-dd11833e0679
90.0,Private,Bachelors,Single,White-Collar,White,Female,41.0,be8e457c-0484-45d2-a55e-dd11833e0679
46.0,Private,Assoc,Separated,White-Collar,White,Male,58.0,be8e457c-0484-45d2-a55e-dd11833e0679
30.0,Private,Some-college,Widowed,Blue-Collar,Other,Male,30.0,be8e457c-0484-45d2-a55e-dd11833e0679
32.0,Private,Bachelors,Single,Sales,White,Male,37.0,be8e457c-0484-45d2-a55e-dd11833e0679
61.0,Private,Masters,Widowed,White-Collar,Other,Female,34.0,be8e457c-0484-45d2-a55e-dd11833e0679
41.0,Private,Bachelors,Single,White-Collar,White,Male,44.0,be8e457c-0484-45d2-a55e-dd11833e0679
90.0,Private,Bachelors,Single,White-Collar,Other,Male,49.0,be8e457c-0484-45d2-a55e-dd11833e0679
50.0,Private,Assoc,Married,Sales,White,Male,9.0,0af7c9ce-f112-4419-9686-7cefcf95f348
42.0,Government,Assoc,Married,Sales,White,Female,30.0,0af7c9ce-f112-4419-9686-7cefcf95f348
55.0,Private,Masters,Married,White-Collar,White,Male,29.0,0af7c9ce-f112-4419-9686-7cefcf95f348
66.0,Private,Assoc,Divorced,Sales,White,Male,28.0,0af7c9ce-f112-4419-9686-7cefcf95f348
90.0,Self-Employed,Assoc,Married,Sales,White,Male,31.0,0af7c9ce-f112-4419-9686-7cefcf95f348
48.0,Private,Masters,Married,Sales,White,Male,9.0,0af7c9ce-f112-4419-9686-7cefcf95f348
48.0,Government,Assoc,Married,Sales,White,Male,42.0,0af7c9ce-f112-4419-9686-7cefcf95f348
49.0,Self-Employed,Assoc,Married,Professional,White,Female,26.0,0af7c9ce-f112-4419-9686-7cefcf95f348
32.0,Private,School,Divorced,Sales,White,Male,27.0,0af7c9ce-f112-4419-9686-7cefcf95f348
90.0,Private,Assoc,Married,Sales,White,Male,26.0,0af7c9ce-f112-4419-9686-7cefcf95f348
19.0,Private,Assoc,Married,Sales,White,Male,16.0,0af7c9ce-f112-4419-9686-7cefcf95f348
52.0,Other/Unknown,Assoc,Married,Sales,White,Male,32.0,0af7c9ce-f112-4419-9686-7cefcf95f348
46.0,Private,HS-grad,Married,Blue-Collar,White,Male,24.0,0af7c9ce-f112-4419-9686-7cefcf95f348
61.0,Private,Assoc,Divorced,Service,White,Male,20.0,0af7c9ce-f112-4419-9686-7cefcf95f348
90.0,Self-Employed,Doctorate,Married,Sales,White,Male,24.0,0af7c9ce-f112-4419-9686-7cefcf95f348
27.0,Private,HS-grad,Divorced,Sales,Other,Male,44.0,5f64c545-7743-4586-bdc2-dc1b6bed736a
60.0,Private,HS-grad,Widowed,Other/Unknown,White,Female,47.0,5f64c545-7743-4586-bdc2-dc1b6bed736a
49.0,Private,Bachelors,Divorced,Service,Other,Male,50.0,5f64c545-7743-4586-bdc2-dc1b6bed736a
42.0,Private,Bachelors,Married,Service,White,Male,39.0,5f64c545-7743-4586-bdc2-dc1b6bed736a
44.0,Private,Bachelors,Divorced,Service,White,Male,75.0,5f64c545-7743-4586-bdc2-dc1b6bed736a
36.0,Private,Bachelors,Divorced,Service,Other,Male,52.0,5f64c545-7743-4586-bdc2-dc1b6bed736a
46.0,Private,HS-grad,Widowed,Other/Unknown,White,Male,36.0,5f64c545-7743-4586-bdc2-dc1b6bed736a
42.0,Private,Assoc,Divorced,Sales,White,Female,41.0,5f64c545-7743-4586-bdc2-dc1b6bed736a
76.0,Private,Bachelors,Separated,Sales,White,Male,45.0,5f64c545-7743-4586-bdc2-dc1b6bed736a
42.0,Private,HS-grad,Widowed,Service,White,Female,69.0,5f64c545-7743-4586-bdc2-dc1b6bed736a
78.0,Private,HS-grad,Widowed,Other/Unknown,Other,Male,42.0,5f64c545-7743-4586-bdc2-dc1b6bed736a
48.0,Private,Bachelors,Separated,Other/Unknown,White,Male,35.0,5f64c545-7743-4586-bdc2-dc1b6bed736a
45.0,Private,Assoc,Divorced,Sales,White,Female,49.0,5f64c545-7743-4586-bdc2-dc1b6bed736a
51.0,Private,Bachelors,Widowed,Service,White,Male,55.0,5f64c545-7743-4586-bdc2-dc1b6bed736a
43.0,Private,Bachelors,Divorced,Service,Other,Male,75.0,5f64c545-7743-4586-bdc2-dc1b6bed736a
81.0,Private,Bachelors,Single,Other/Unknown,Other,Male,44.0,9d995fd8-8ea7-4685-9f22-2609e3164ab0
42.0,Other/Unknown,Bachelors,Widowed,Professional,Other,Male,49.0,9d995fd8-8ea7-4685-9f22-2609e3164ab0
34.0,Self-Employed,Assoc,Single,Sales,Other,Male,49.0,9d995fd8-8ea7-4685-9f22-2609e3164ab0
42.0,Private,Bachelors,Single,Professional,Other,Female,58.0,9d995fd8-8ea7-4685-9f22-2609e3164ab0
44.0,Self-Employed,Bachelors,Separated,Professional,Other,Male,79.0,9d995fd8-8ea7-4685-9f22-2609e3164ab0
90.0,Private,Bachelors,Single,Sales,Other,Male,32.0,9d995fd8-8ea7-4685-9f22-2609e3164ab0
27.0,Private,Bachelors,Married,Sales,White,Male,33.0,9d995fd8-8ea7-4685-9f22-2609e3164ab0
34.0,Self-Employed,Bachelors,Single,Sales,Other,Male,42.0,9d995fd8-8ea7-4685-9f22-2609e3164ab0
59.0,Private,Assoc,Widowed,Sales,White,Female,45.0,9d995fd8-8ea7-4685-9f22-2609e3164ab0
33.0,Private,Bachelors,Single,Sales,White,Male,62.0,9d995fd8-8ea7-4685-9f22-2609e3164ab0
42.0,Private,Assoc,Widowed,Other/Unknown,White,Male,31.0,9d995fd8-8ea7-4685-9f22-2609e3164ab0
70.0,Private,Bachelors,Single,Professional,Other,Female,34.0,9d995fd8-8ea7-4685-9f22-2609e3164ab0
27.0,Private,Bachelors,Married,Sales,Other,Male,33.0,9d995fd8-8ea7-4685-9f22-2609e3164ab0
36.0,Private,Bachelors,Single,Professional,White,Male,39.0,9d995fd8-8ea7-4685-9f22-2609e3164ab0
37.0,Self-Employed,Bachelors,Single,Other/Unknown,Other,Male,56.0,9d995fd8-8ea7-4685-9f22-2609e3164ab0
82.0,Private,Some-college,Single,Blue-Collar,Other,Male,32.0,a9f0d204-0c8d-4d11-9f6d-f6e64905413e
36.0,Other/Unknown,Some-college,Widowed,Sales,White,Male,30.0,a9f0d204-0c8d-4d11-9f6d-f6e64905413e
17.0,Private,Bachelors,Divorced,Other/Unknown,Other,Male,29.0,a9f0d204-0c8d-4d11-9f6d-f6e64905413e
39.0,Private,Bachelors,Single,Other/Unknown,White,Male,38.0,a9f0d204-0c8d-4d11-9f6d-f6e64905413e
43.0,Other/Unknown,Some-college,Single,Other/Unknown,Other,Female,60.0,a9f0d204-0c8d-4d11-9f6d-f6e64905413e
71.0,Other/Unknown,Bachelors,Single,Other/Unknown,Other,Female,40.0,a9f0d204-0c8d-4d11-9f6d-f6e64905413e
41.0,Private,Bachelors,Single,Other/Unknown,White,Male,31.0,a9f0d204-0c8d-4d11-9f6d-f6e64905413e
33.0,Other/Unknown,Bachelors,Married,Other/Unknown,White,Male,56.0,a9f0d204-0c8d-4d11-9f6d-f6e64905413e
22.0,Private,Bachelors,Single,Other/Unknown,White,Male,78.0,a9f0d204-0c8d-4d11-9f6d-f6e64905413e
82.0,Private,Bachelors,Single,Blue-Collar,Other,Male,23.0,a9f0d204-0c8d-4d11-9f6d-f6e64905413e
50.0,Other/Unknown,Some-college,Single,Other/Unknown,Other,Female,32.0,a9f0d204-0c8d-4d11-9f6d-f6e64905413e
38.0,Private,Some-college,Widowed,Sales,White,Male,29.0,a9f0d204-0c8d-4d11-9f6d-f6e64905413e
37.0,Private,Bachelors,Single,Other/Unknown,White,Male,40.0,a9f0d204-0c8d-4d11-9f6d-f6e64905413e
27.0,Other/Unknown,Some-college,Single,Other/Unknown,Other,Male,59.0,a9f0d204-0c8d-4d11-9f6d-f6e64905413e
36.0,Self-Employed,Bachelors,Married,White-Collar,Other,Male,42.0,789d83c4-3bba-4d97-9b96-9b3515fac05f
86.0,Private,Bachelors,Widowed,Blue-Collar,White,Male,36.0,789d83c4-3bba-4d97-9b96-9b3515fac05f
90.0,Private,Bachelors,Married,White-Collar,Other,Female,27.0,789d83c4-3bba-4d97-9b96-9b3515fac05f
76.0,Private,Bachelors,Married,White-Collar,White,Male,48.0,789d83c4-3bba-4d97-9b96-9b3515fac05f
86.0,Self-Employed,Bachelors,Married,White-Collar,Other,Male,75.0,789d83c4-3bba-4d97-9b96-9b3515fac05f
37.0,Private,Bachelors,Married,Sales,White,Male,38.0,789d83c4-3bba-4d97-9b96-9b3515fac05f
85.0,Private,Bachelors,Widowed,White-Collar,Other,Male,31.0,789d83c4-3bba-4d97-9b96-9b3515fac05f
89.0,Other/Unknown,Bachelors,Married,Blue-Collar,Other,Male,43.0,789d83c4-3bba-4d97-9b96-9b3515fac05f
88.0,Private,Bachelors,Married,White-Collar,White,Male,50.0,789d83c4-3bba-4d97-9b96-9b3515fac05f
85.0,Self-Employed,Bachelors,Married,White-Collar,Other,Male,72.0,789d83c4-3bba-4d97-9b96-9b3515fac05f
39.0,Private,Bachelors,Married,Sales,White,Male,38.0,789d83c4-3bba-4d97-9b96-9b3515fac05f
90.0,Private,Bachelors,Widowed,White-Collar,Other,Male,32.0,789d83c4-3bba-4d97-9b96-9b3515fac05f
81.0,Other/Unknown,Bachelors,Married,White-Collar,Other,Female,41.0,789d83c4-3bba-4d97-9b96-9b3515fac05f
85.0,Private,Bachelors,Married,White-Collar,White,Male,55.0,789d83c4-3bba-4d97-9b96-9b3515fac05f
84.0,Self-Employed,Bachelors,Married,White-Collar,Other,Male,76.0,789d83c4-3bba-4d97-9b96-9b3515fac05f
34.0,Government,Bachelors,Married,Blue-Collar,White,Male,27.0,f5e20630-706a-4862-b2ed-53fd5288948b
17.0,Self-Employed,Bachelors,Married,Blue-Collar,White,Male,40.0,f5e20630-706a-4862-b2ed-53fd5288948b
34.0,Private,Doctorate,Divorced,Service,White,Male,40.0,f5e20630-706a-4862-b2ed-53fd5288948b
36.0,Private,Masters,Married,Blue-Collar,White,Female,53.0,f5e20630-706a-4862-b2ed-53fd5288948b
90.0,Private,School,Married,Blue-Collar,White,Male,39.0,f5e20630-706a-4862-b2ed-53fd5288948b
43.0,Private,Doctorate,Widowed,Service,White,Male,26.0,f5e20630-706a-4862-b2ed-53fd5288948b
39.0,Government,Bachelors,Divorced,Blue-Collar,White,Male,35.0,f5e20630-706a-4862-b2ed-53fd5288948b
22.0,Private,Bachelors,Widowed,Blue-Collar,White,Female,35.0,f5e20630-706a-4862-b2ed-53fd5288948b
90.0,Private,School,Widowed,Blue-Collar,White,Male,35.0,f5e20630-706a-4862-b2ed-53fd5288948b
39.0,Self-Employed,Doctorate,Widowed,Blue-Collar,White,Male,56.0,f5e20630-706a-4862-b2ed-53fd5288948b
27.0,Private,Some-college,Married,Blue-Collar,White,Female,48.0,f5e20630-706a-4862-b2ed-53fd5288948b
17.0,Private,Masters,Married,White-Collar,White,Male,55.0,f5e20630-706a-4862-b2ed-53fd5288948b
36.0,Self-Employed,Some-college,Married,Professional,White,Male,57.0,f5e20630-706a-4862-b2ed-53fd5288948b
26.0,Government,School,Married,Blue-Collar,White,Male,69.0,f5e20630-706a-4862-b2ed-53fd5288948b
90.0,Private,Doctorate,Married,Blue-Collar,White,Male,56.0,f5e20630-706a-4862-b2ed-53fd5288948b
53.0,Private,Some-college,Widowed,Blue-Collar,Other,Male,4.0,0829492d-02b1-41bc-bad1-3d5208f4fb26
90.0,Private,Bachelors,Married,Blue-Collar,Other,Male,9.0,0829492d-02b1-41bc-bad1-3d5208f4fb26
59.0,Private,Bachelors,Married,Sales,Other,Male,2.0,0829492d-02b1-41bc-bad1-3d5208f4fb26
43.0,Private,Bachelors,Married,Blue-Collar,White,Male,20.0,0829492d-02b1-41bc-bad1-3d5208f4fb26
63.0,Private,Some-college,Widowed,Blue-Collar,White,Female,33.0,0829492d-02b1-41bc-bad1-3d5208f4fb26
87.0,Private,Bachelors,Married,White-Collar,Other,Male,4.0,0829492d-02b1-41bc-bad1-3d5208f4fb26
51.0,Private,Some-college,Widowed,White-Collar,Other,Male,3.0,0829492d-02b1-41bc-bad1-3d5208f4fb26
48.0,Private,Bachelors,Married,Sales,White,Male,5.0,0829492d-02b1-41bc-bad1-3d5208f4fb26
60.0,Private,Bachelors,Married,White-Collar,Other,Male,22.0,0829492d-02b1-41bc-bad1-3d5208f4fb26
51.0,Private,Bachelors,Married,White-Collar,White,Male,41.0,0829492d-02b1-41bc-bad1-3d5208f4fb26
86.0,Private,Bachelors,Married,White-Collar,Other,Male,2.0,0829492d-02b1-41bc-bad1-3d5208f4fb26
47.0,Private,Some-college,Widowed,White-Collar,Other,Male,2.0,0829492d-02b1-41bc-bad1-3d5208f4fb26
50.0,Private,Bachelors,Married,Sales,White,Male,5.0,0829492d-02b1-41bc-bad1-3d5208f4fb26
63.0,Private,Bachelors,Married,White-Collar,Other,Male,23.0,0829492d-02b1-41bc-bad1-3d5208f4fb26
50.0,Private,Bachelors,Married,White-Collar,White,Male,43.0,0829492d-02b1-41bc-bad1-3d5208f4fb26
47.0,Private,Bachelors,Married,Blue-Collar,White,Male,34.0,e1cad930-eafd-4000-80a4-423782941df5
52.0,Private,School,Widowed,Other/Unknown,Other,Male,37.0,e1cad930-eafd-4000-80a4-423782941df5
35.0,Private,Assoc,Married,Sales,White,Male,43.0,e1cad930-eafd-4000-80a4-423782941df5
37.0,Private,Bachelors,Married,Service,White,Male,59.0,e1cad930-eafd-4000-80a4-423782941df5
80.0,Private,Bachelors,Married,Service,Other,Male,48.0,e1cad930-eafd-4000-80a4-423782941df5
28.0,Private,School,Married,Other/Unknown,Other,Male,51.0,e1cad930-eafd-4000-80a4-423782941df5
42.0,Private,School,Widowed,Sales,White,Male,62.0,e1cad930-eafd-4000-80a4-423782941df5
29.0,Private,Bachelors,Married,Blue-Collar,White,Male,36.0,e1cad930-eafd-4000-80a4-423782941df5
28.0,Private,Bachelors,Married,Service,White,Male,76.0,e1cad930-eafd-4000-80a4-423782941df5
85.0,Private,Bachelors,Single,Service,Other,Female,30.0,e1cad930-eafd-4000-80a4-423782941df5
34.0,Private,School,Widowed,Other/Unknown,Other,Male,33.0,e1cad930-eafd-4000-80a4-423782941df5
29.0,Private,Some-college,Single,Sales,White,Male,22.0,e1cad930-eafd-4000-80a4-423782941df5
45.0,Private,Bachelors,Married,Service,White,Male,42.0,e1cad930-eafd-4000-80a4-423782941df5
42.0,Private,School,Single,Other/Unknown,White,Male,62.0,e1cad930-eafd-4000-80a4-423782941df5
35.0,Private,Bachelors,Divorced,Blue-Collar,White,Male,57.0,5a260f21-f75c-4624-9d5c-737ee28e75af
43.0,Private,School,Widowed,Other/Unknown,White,Male,62.0,5a260f21-f75c-4624-9d5c-737ee28e75af
25.0,Private,School,Divorced,Blue-Collar,Other,Female,63.0,5a260f21-f75c-4624-9d5c-737ee28e75af
27.0,Private,School,Divorced,Sales,White,Male,79.0,5a260f21-f75c-4624-9d5c-737ee28e75af
90.0,Private,Bachelors,Divorced,Blue-Collar,Other,Male,64.0,5a260f21-f75c-4624-9d5c-737ee28e75af
42.0,Private,School,Widowed,Other/Unknown,White,Male,63.0,5a260f21-f75c-4624-9d5c-737ee28e75af
27.0,Other/Unknown,Bachelors,Divorced,Sales,White,Male,62.0,5a260f21-f75c-4624-9d5c-737ee28e75af
33.0,Other/Unknown,Assoc,Married,Sales,Other,Female,61.0,5a260f21-f75c-4624-9d5c-737ee28e75af
33.0,Private,Bachelors,Divorced,Blue-Collar,White,Male,82.0,5a260f21-f75c-4624-9d5c-737ee28e75af
63.0,Other/Unknown,Bachelors,Separated,Blue-Collar,Other,Male,66.0,5a260f21-f75c-4624-9d5c-737ee28e75af
17.0,Private,Bachelors,Divorced,Blue-Collar,White,Male,37.0,5a260f21-f75c-4624-9d5c-737ee28e75af
52.0,Private,School,Widowed,Other/Unknown,Other,Male,55.0,5a260f21-f75c-4624-9d5c-737ee28e75af
29.0,Private,Assoc,Divorced,Sales,White,Female,55.0,5a260f21-f75c-4624-9d5c-737ee28e75af
17.0,Private,Bachelors,Divorced,Blue-Collar,White,Male,64.0,5a260f21-f75c-4624-9d5c-737ee28e75af
17.0,Private,School,Divorced,Blue-Collar,Other,Male,81.0,5a260f21-f75c-4624-9d5c-737ee28e75af
53.0,Private,Bachelors,Single,Sales,White,Male,54.0,be8e457c-0484-45d2-a55e-dd11833e0679
61.0,Private,Assoc,Widowed,White-Collar,White,Male,45.0,be8e457c-0484-45d2-a55e-dd11833e0679
29.0,Private,Bachelors,Single,White-Collar,Other,Male,47.0,be8e457c-0484-45d2-a55e-dd11833e0679
90.0,Private,Bachelors,Single,White-Collar,White,Female,49.0,be8e457c-0484-45d2-a55e-dd11833e0679
45.0,Private,Assoc,Separated,White-Collar,White,Male,73.0,be8e457c-0484-45d2-a55e-dd11833e0679
28.0,Private,Some-college,Widowed,White-Collar,Other,Male,48.0,be8e457c-0484-45d2-a55e-dd11833e0679
36.0,Private,Assoc,Single,Sales,White,Male,45.0,be8e457c-0484-45d2-a55e-dd11833e0679
45.0,Private,Bachelors,Single,White-Collar,Other,Female,35.0,be8e457c-0484-45d2-a55e-dd11833e0679
89.0,Private,Bachelors,Single,White-Collar,White,Male,48.0,be8e457c-0484-45d2-a55e-dd11833e0679
33.0,Private,Bachelors,Single,White-Collar,White,Male,65.0,be8e457c-0484-45d2-a55e-dd11833e0679
25.0,Private,Bachelors,Single,Sales,White,Male,44.0,be8e457c-0484-45d2-a55e-dd11833e0679
43.0,Private,Assoc,Widowed,White-Collar,Other,Male,48.0,be8e457c-0484-45d2-a55e-dd11833e0679
40.0,Private,Bachelors,Single,White-Collar,White,Male,58.0,be8e457c-0484-45d2-a55e-dd11833e0679
83.0,Private,Bachelors,Single,White-Collar,White,Female,47.0,be8e457c-0484-45d2-a55e-dd11833e0679
41.0,Private,Assoc,Separated,White-Collar,White,Male,74.0,be8e457c-0484-45d2-a55e-dd11833e0679
20.0,Private,Assoc,Married,Service,White,Male,24.0,0af7c9ce-f112-4419-9686-7cefcf95f348
54.0,Private,Assoc,Married,Sales,White,Male,4.0,0af7c9ce-f112-4419-9686-7cefcf95f348
54.0,Private,Masters,Married,Sales,White,Female,23.0,0af7c9ce-f112-4419-9686-7cefcf95f348
90.0,Private,Assoc,Divorced,Sales,White,Male,23.0,0af7c9ce-f112-4419-9686-7cefcf95f348
54.0,Self-Employed,Assoc,Married,Sales,White,Male,39.0,0af7c9ce-f112-4419-9686-7cefcf95f348
17.0,Private,Assoc,Married,Sales,White,Male,20.0,0af7c9ce-f112-4419-9686-7cefcf95f348
50.0,Private,Doctorate,Married,Sales,White,Female,30.0,0af7c9ce-f112-4419-9686-7cefcf95f348
90.0,Private,Assoc,Married,Professional,White,Male,29.0,0af7c9ce-f112-4419-9686-7cefcf95f348
42.0,Government,Assoc,Separated,Sales,White,Male,31.0,0af7c9ce-f112-4419-9686-7cefcf95f348
41.0,Self-Employed,Masters,Married,Sales,White,Male,48.0,0af7c9ce-f112-4419-9686-7cefcf95f348
19.0,Private,Assoc,Married,Sales,White,Male,18.0,0af7c9ce-f112-4419-9686-7cefcf95f348
48.0,Private,Doctorate,Married,Sales,White,Female,31.0,0af7c9ce-f112-4419-9686-7cefcf95f348
90.0,Private,Assoc,Married,Service,White,Male,29.0,0af7c9ce-f112-4419-9686-7cefcf95f348
42.0,Government,Assoc,Divorced,Sales,White,Male,30.0,0af7c9ce-f112-4419-9686-7cefcf95f348
46.0,Self-Employed,Masters,Married,Sales,White,Male,44.0,0af7c9ce-f112-4419-9686-7cefcf95f348
54.0,Private,Assoc,Widowed,Other/Unknown,White,Male,45.0,5f64c545-7743-4586-bdc2-dc1b6bed736a
49.0,Private,Bachelors,Single,Service,Other,Male,32.0,5f64c545-7743-4586-bdc2-dc1b6bed736a
47.0,Private,HS-grad,Separated,Sales,Other,Male,45.0,5f64c545-7743-4586-bdc2-dc1b6bed736a
38.0,Private,Bachelors,Single,Service,White,Male,57.0,5f64c545-7743-4586-bdc2-dc1b6bed736a
64.0,Private,Bachelors,Single,Service,White,Female,78.0,5f64c545-7743-4586-bdc2-dc1b6bed736a
49.0,Private,Bachelors,Divorced,Service,Other,Male,28.0,5f64c545-7743-4586-bdc2-dc1b6bed736a
50.0,Private,HS-grad,Widowed,Other/Unknown,White,Male,38.0,5f64c545-7743-4586-bdc2-dc1b6bed736a
33.0,Private,Assoc,Divorced,Sales,Other,Male,38.0,5f64c545-7743-4586-bdc2-dc1b6bed736a
63.0,Private,Bachelors,Separated,Service,White,Male,51.0,5f64c545-7743-4586-bdc2-dc1b6bed736a
49.0,Private,Bachelors,Divorced,Service,White,Male,68.0,5f64c545-7743-4586-bdc2-dc1b6bed736a
29.0,Private,Bachelors,Married,Sales,Other,Male,49.0,5f64c545-7743-4586-bdc2-dc1b6bed736a
55.0,Private,HS-grad,Widowed,Other/Unknown,White,Female,50.0,5f64c545-7743-4586-bdc2-dc1b6bed736a
40.0,Private,Assoc,Divorced,White-Collar,Other,Male,45.0,5f64c545-7743-4586-bdc2-dc1b6bed736a
71.0,Private,Bachelors,Separated,Service,White,Male,48.0,5f64c545-7743-4586-bdc2-dc1b6bed736a
33.0,Private,Bachelors,Divorced,Service,White,Male,78.0,5f64c545-7743-4586-bdc2-dc1b6bed736a
